<?xml version="1.0" encoding="UTF-8"?>
<project-private xmlns="http://www.netbeans.org/ns/project-private/1">
    <editor-bookmarks xmlns="http://www.netbeans.org/ns/editor-bookmarks/2" lastBookmarkId="0"/>
    <open-files xmlns="http://www.netbeans.org/ns/projectui-open-files/2">
        <group>
            <file>file:/C:/Users/Pro/Documents/NetBeansProjects/Projetsma_1/src/Agent/FourmiAgent.java</file>
            <file>file:/C:/Users/Pro/Documents/NetBeansProjects/Projetsma_1/src/Agent/FourmiContainer.java</file>
            <file>file:/C:/Users/Pro/Documents/NetBeansProjects/Projetsma_1/src/Fourmi/Main.java</file>
            <file>file:/C:/Users/Pro/Documents/NetBeansProjects/Projetsma_1/src/Agent/NourritureAgent.java</file>
            <file>file:/C:/Users/Pro/Documents/NetBeansProjects/Projetsma_1/src/Fourmi/PathFinder.java</file>
            <file>file:/C:/Users/Pro/Documents/NetBeansProjects/Projetsma_1/src/Fourmi/Position.java</file>
            <file>file:/C:/Users/Pro/Documents/NetBeansProjects/Projetsma_1/src/Fourmi/SimulationManager.java</file>
            <file>file:/C:/Users/Pro/Documents/NetBeansProjects/Projetsma_1/src/Fourmi/Terrain.java</file>
            <file>file:/C:/Users/Pro/Documents/NetBeansProjects/Projetsma_1/src/Fourmi/fenetre.java</file>
            <file>file:/C:/Users/Pro/Documents/NetBeansProjects/Projetsma_1/src/Fourmi/Fourmiliere.java</file>
            <file>file:/C:/Users/Pro/Documents/NetBeansProjects/Projetsma_1/src/Fourmi/Fourmi.java</file>
            <file>file:/C:/Users/Pro/Documents/NetBeansProjects/Projetsma_1/src/Agent/FourmiliereAgent.java</file>
            <file>file:/C:/Users/Pro/Documents/NetBeansProjects/Projetsma_1/src/Agent/MainContainer.java</file>
            <file>file:/C:/Users/Pro/Documents/NetBeansProjects/Projetsma_1/src/Agent/NourritureContainer.java</file>
            <file>file:/C:/Users/Pro/Documents/NetBeansProjects/Projetsma_1/src/Fourmi/Nourriture.java</file>
        </group>
    </open-files>
</project-private>
